{"cameraMode":{"drawMode":0,"name":"Shaded","section":"Shading Mode"},"sceneLighting":true,"audioPlay":false,"sceneViewState":{"showFog":true,"showMaterialUpdate":false,"showSkybox":true,"showFlares":true,"showImageEffects":true,"showParticleSystems":true,"showVisualEffectGraphs":true,"m_FxEnabled":true},"in2DMode":false,"pivot":{"x":20.807422637939454,"y":6.37654972076416,"z":-12.841726303100586},"rotation":{"x":-0.004110035486519337,"y":0.19376038014888764,"z":0.0008150989306159318,"w":0.9810382723808289},"size":14.2210054397583,"orthographic":false}