{"cameraMode":{"drawMode":0,"name":"Shaded","section":"Shading Mode"},"sceneLighting":true,"audioPlay":false,"sceneViewState":{"showFog":true,"showMaterialUpdate":false,"showSkybox":true,"showFlares":true,"showImageEffects":true,"showParticleSystems":true,"showVisualEffectGraphs":true,"m_FxEnabled":true},"in2DMode":false,"pivot":{"x":-18.19563865661621,"y":71.40827941894531,"z":-43.73862075805664},"rotation":{"x":0.20878498256206513,"y":0.013527341187000275,"z":-0.0028650483582168819,"w":0.9780723452568054},"size":15.529693603515625,"orthographic":false}