{"cameraMode":{"drawMode":0,"name":"Shaded","section":"Shading Mode"},"sceneLighting":true,"audioPlay":false,"sceneViewState":{"showFog":true,"showMaterialUpdate":false,"showSkybox":true,"showFlares":true,"showImageEffects":true,"showParticleSystems":true,"showVisualEffectGraphs":true,"m_FxEnabled":true},"in2DMode":false,"pivot":{"x":45.504398345947269,"y":192.60989379882813,"z":-28.321277618408204},"rotation":{"x":0.29563018679618838,"y":-0.038321055471897128,"z":0.012036984786391259,"w":0.9546685814857483},"size":15.529693603515625,"orthographic":false}