{"cameraMode":{"drawMode":0,"name":"Shaded","section":"Shading Mode"},"sceneLighting":true,"audioPlay":false,"sceneViewState":{"showFog":true,"showMaterialUpdate":false,"showSkybox":true,"showFlares":true,"showImageEffects":true,"showParticleSystems":true,"showVisualEffectGraphs":true,"m_FxEnabled":true},"in2DMode":false,"pivot":{"x":11.621391296386719,"y":-0.3172140121459961,"z":-12.990692138671875},"rotation":{"x":-0.04406479746103287,"y":-0.943085253238678,"z":0.13906168937683106,"w":-0.29886674880981448},"size":15.048247337341309,"orthographic":true}