{"cameraMode":{"drawMode":0,"name":"Shaded","section":"Shading Mode"},"sceneLighting":true,"audioPlay":false,"sceneViewState":{"showFog":true,"showMaterialUpdate":false,"showSkybox":true,"showFlares":true,"showImageEffects":true,"showParticleSystems":true,"showVisualEffectGraphs":true,"m_FxEnabled":true},"in2DMode":false,"pivot":{"x":597.280517578125,"y":209.57801818847657,"z":125.51819610595703},"rotation":{"x":-0.004059096798300743,"y":0.9929294586181641,"z":-0.037585023790597919,"w":-0.11308475583791733},"size":13.022601127624512,"orthographic":false}