{"cameraMode":{"drawMode":0,"name":"Shaded","section":"Shading Mode"},"sceneLighting":true,"audioPlay":false,"sceneViewState":{"showFog":true,"showMaterialUpdate":false,"showSkybox":true,"showFlares":true,"showImageEffects":true,"showParticleSystems":true,"showVisualEffectGraphs":true,"m_FxEnabled":true},"in2DMode":false,"pivot":{"x":413.5668640136719,"y":179.45208740234376,"z":358.921630859375},"rotation":{"x":0.0076503814198076729,"y":-0.9882591366767883,"z":-0.14330293238162995,"w":-0.052831750363111499},"size":2.080181121826172,"orthographic":false}