{"cameraMode":{"drawMode":0,"name":"Shaded","section":"Shading Mode"},"sceneLighting":true,"audioPlay":false,"sceneViewState":{"showFog":true,"showMaterialUpdate":false,"showSkybox":true,"showFlares":true,"showImageEffects":true,"showParticleSystems":true,"showVisualEffectGraphs":true,"m_FxEnabled":true},"in2DMode":false,"pivot":{"x":14.343759536743164,"y":-10.031780242919922,"z":-52.713226318359378},"rotation":{"x":0.08113894611597061,"y":0.9143696427345276,"z":-0.22899730503559113,"w":0.3239387273788452},"size":23.36141014099121,"orthographic":true}