{"cameraMode":{"drawMode":0,"name":"Shaded","section":"Shading Mode"},"sceneLighting":true,"audioPlay":false,"sceneViewState":{"showFog":true,"showMaterialUpdate":false,"showSkybox":true,"showFlares":true,"showImageEffects":true,"showParticleSystems":true,"showVisualEffectGraphs":true,"m_FxEnabled":true},"in2DMode":false,"pivot":{"x":8.046194076538086,"y":-20.20970344543457,"z":-19.346065521240236},"rotation":{"x":0.26089873909950259,"y":-0.08067366480827332,"z":0.02188274823129177,"w":0.9617538452148438},"size":22.179786682128908,"orthographic":true}