{"cameraMode":{"drawMode":0,"name":"Shaded","section":"Shading Mode"},"sceneLighting":true,"audioPlay":false,"sceneViewState":{"showFog":true,"showMaterialUpdate":false,"showSkybox":true,"showFlares":true,"showImageEffects":true,"showParticleSystems":true,"showVisualEffectGraphs":true,"m_FxEnabled":true},"in2DMode":false,"pivot":{"x":21.862823486328126,"y":-22.094329833984376,"z":-60.170372009277347},"rotation":{"x":0.07222075760364533,"y":0.5454182028770447,"z":-0.04722880944609642,"w":0.8337286710739136},"size":19.382190704345704,"orthographic":true}