{"cameraMode":{"drawMode":0,"name":"Shaded","section":"Shading Mode"},"sceneLighting":true,"audioPlay":false,"sceneViewState":{"showFog":true,"showMaterialUpdate":false,"showSkybox":true,"showFlares":true,"showImageEffects":true,"showParticleSystems":true,"showVisualEffectGraphs":true,"m_FxEnabled":true},"in2DMode":false,"pivot":{"x":-18.521671295166017,"y":22.587480545043947,"z":256.2239990234375},"rotation":{"x":-0.025180678814649583,"y":-0.02580912970006466,"z":-0.0006355991354212165,"w":0.9993838667869568},"size":110.53189849853516,"orthographic":false}